dt,maxco,nx,ncells,tsr,cp,cd,yplus_min,yplus_max,yplus_mean,ddt_scheme
nan,30.0,90,85865,1.9084934682018717,0.25832416318877993,1.37056292246476,0.1808269321,5.286413943,1.461498356,Euler
