dt,maxco,nx,ncells,tsr,cp,cd,yplus_min,yplus_max,yplus_mean,ddt_scheme
nan,25.0,95,91394,1.9122369324150452,0.32699799759772347,1.342873747675818,0.1359882117,4.193689401,1.418529921,Euler
