dt,maxco,nx,ncells,tsr,cp,cd,yplus_min,yplus_max,yplus_mean,ddt_scheme
nan,10.0,95,61086,1.9267967026173114,0.2537231793734646,1.375122265039658,0.09806089823,4.27367209,1.388636744,Euler
