dt,maxco,nx,ncells,tsr,cp,cd,yplus_min,yplus_max,yplus_mean,ddt_scheme
nan,30.0,95,91394,1.9248258270580536,0.17219124945591502,1.393688919683515,0.1175068653,4.598157214,1.368817897,Euler
