dt,maxco,nx,ncells,tsr,cp,cd,yplus_min,yplus_max,yplus_mean,ddt_scheme
nan,100.0,95,61086,1.9060210524392467,0.6789240630810209,1.3894155695079415,0.1954414757,5.48972963,1.262947253,Euler
nan,80.0,95,61086,1.9117495293917863,0.6232981215566248,1.4040345127476495,0.1450778775,5.342695904,1.26164406,Euler
nan,60.0,95,61086,1.9185148420004317,0.5821269507989221,1.3529381747344262,0.1338294463,5.182453859,1.244089262,Euler
nan,40.0,95,61086,1.9203543382050883,0.5381617490711065,1.3446902517610788,0.1603567796,5.032239702,1.245167392,Euler
nan,20.0,95,61086,1.9230750617071335,0.5310478200484946,1.3553654543821356,0.1028958359,4.824045172,1.295872605,Euler
nan,10.0,95,61086,1.92451490842472,0.605581475195167,1.393486969357129,0.125454485,4.873374261,1.396302138,Euler
nan,5.0,95,61086,1.914829432070934,0.7517759161396308,1.4015199141569454,0.09591579718,5.054654465,1.369481414,Euler
