dt,maxco,nx,ncells,tsr,cp,cd,yplus_min,yplus_max,yplus_mean,ddt_scheme
0.002,nan,44,25373,1.9007468617372927,0.24316440960301097,1.3507987750663994,0.1379565013,4.965475198,1.619866395,Euler
0.002,nan,54,34233,1.9007468617372927,0.24742702341518746,1.327348567889571,0.09939351876,4.08488772,1.313652489,Euler
0.002,nan,64,43168,1.9007468617372927,0.2528963993075491,1.3351304060114002,0.08453148158,3.572336262,1.098092041,Euler
0.002,nan,74,53904,1.9007468617372927,0.25687108069774556,1.3270624882906084,0.06832197022,3.124686911,0.9492656705,Euler
0.002,nan,84,66023,1.9007468617372927,0.2563278161313794,1.3185530443237858,0.06782377242,2.62654382,0.8277221319,Euler
