maxco,nx,ncells,tsr,cp,cd,yplus_min,yplus_max,yplus_mean
40.0,35,19295,1.917381027731369,0.43068856789983234,1.3802359206959736,0.4897215915,12.85998343,3.507358615
40.0,45,25300,1.9232506631195556,0.46358876716431285,1.369155343654444,0.3533036983,10.17797995,2.652879915
40.0,55,31861,1.9222098682306001,0.4911820997275916,1.3375548953427285,0.1849192776,8.389685378,2.137818602
40.0,70,42046,1.9153303022689492,0.6019037030557044,1.3646512569188838,0.1849220896,7.1987219,1.6899387
40.0,85,53300,1.9222365959842804,0.5880085116737441,1.3616899004556977,0.1202866668,5.798894114,1.362804475
