dt,maxco,nx,ncells,tsr,cp,cd,yplus_min,yplus_max,yplus_mean,ddt_scheme
0.002,nan,25,11698,1.9007468617372927,0.2979839162527126,1.2449119141360279,0.2776925221,42.73069016,4.115002882,Euler
0.002,nan,35,18143,1.9007468617372927,0.36205329230625727,1.256992393591435,0.1766882696,30.39289199,2.303792683,Euler
0.002,nan,45,26181,1.9007468617372927,0.41831333864948217,1.2770354621218594,0.140990048,5.599987098,1.393537904,Euler
0.002,nan,54,34233,1.9007468617372927,0.44776550729602216,1.2777115668974972,0.0943361595,4.671856913,1.152714866,Euler
0.002,nan,64,43168,1.9007468617372927,0.4650756562117702,1.28586261657952,0.04845555692,3.849265882,0.9675542848,Euler
0.002,nan,72,51772,1.9007468617372927,0.4748326062370455,1.272408299057857,0.04186320038,3.417834905,0.8630627439,Euler
0.002,nan,74,53904,1.9007468617372927,0.4917048695766241,1.2847436815822695,0.07942097342,3.324525029,0.8391806264,Euler
0.002,nan,78,58671,1.9007468617372927,0.49281049728795334,1.2819564220139563,0.06771362752,3.138444439,0.7962907181,Euler
0.002,nan,84,66023,1.9007468617372927,0.4907520012888573,1.283659673806265,0.0641151263,2.908379655,0.733489282,Euler
