dt,maxco,nx,ncells,tsr,cp,cd,yplus_min,yplus_max,yplus_mean,ddt_scheme
0.002,nan,44,25373,1.9007468617372927,0.24316440960301097,1.3507987750663994,0.1379565013,4.965475198,1.619866395,Euler
