dt,maxco,nx,ncells,tsr,cp,cd,yplus_min,yplus_max,yplus_mean,ddt_scheme
0.004,nan,70,58765,1.900782597739,0.702129598200128,1.4360011844951273,0.1462253485,7.346897137,1.64692297,Euler
