dt,maxco,nx,ncells,tsr,cp,cd,yplus_min,yplus_max,yplus_mean,ddt_scheme
0.003,nan,70,49357,1.900767045999868,0.27828406352818513,1.3430525357938345,0.1037186756,3.719885441,1.038163375,Euler
0.0025,nan,70,49357,1.9007623269370983,0.2656044676817881,1.3310557595604466,0.09555820752,3.468538103,1.036261199,Euler
0.0022,nan,70,49357,1.9007842027646786,0.2589531110542599,1.3250256773762337,0.08258347546,3.322619377,1.008096834,Euler
0.002,nan,70,49357,1.9007468617372927,0.2550147692197579,1.3213791891940923,0.07902202753,3.157457376,1.003973301,Euler
0.0018,nan,70,49357,1.9007658653192878,0.25139574233113104,1.3181338179970143,0.07862207619,3.266138503,1.011839683,Euler
0.0015,nan,70,49357,1.900752878569131,0.24673810547844469,1.3138013250944258,0.08242042862,3.349271985,1.022751348,Euler
0.0012,nan,70,49357,1.9007438576229965,0.2429883656046096,1.3100934689326802,0.07231248598,3.086132943,1.000852303,Euler
