dt,maxco,nx,ncells,tsr,cp,cd,yplus_min,yplus_max,yplus_mean,ddt_scheme
0.004,nan,54,34233,1.900782597739,0.5471266165121743,1.3134342885980106,0.1237854315,4.952934838,1.143991753,Euler
0.0035,nan,54,34233,1.9007244012730977,0.5133413617464649,1.3071030990328956,0.1288427393,4.888100534,1.139472963,Euler
0.003,nan,54,34233,1.900767045999868,0.4838334781682208,1.2974638596264079,0.1135984638,5.072616841,1.096927918,Euler
0.0025,nan,54,34233,1.9007623269370983,0.4622085857798496,1.2892914279743588,0.1089605256,5.02033862,1.095240241,Euler
0.002,nan,54,34233,1.9007468617372927,0.44776550729602216,1.2777115668974972,0.0943361595,4.671856913,1.152714866,Euler
0.0015,nan,54,34233,1.900752878569131,0.4444712495448591,1.2693612590647674,0.1063956427,4.916805534,1.126955067,Euler
0.00125,nan,54,34233,1.9007608909540958,0.4520272362323842,1.2696192103545687,0.09825707816,4.559279132,1.19100133,Euler
0.001,nan,54,34233,1.900748011800444,0.48089631303962305,1.288378155294694,0.1100203593,4.865417079,1.190948725,Euler
0.00075,nan,54,34233,1.9007457186628953,0.5115144042016214,1.319542054568918,0.1178158967,4.834704185,1.252625798,Euler
