dt,maxco,nx,ncells,tsr,cp,cd,yplus_min,yplus_max,yplus_mean,ddt_scheme
0.003,nan,70,49357,1.900767045999868,0.5489760538264987,1.3051999845188444,0.0921376767,3.850851765,0.8457014646,Euler
0.0015,nan,70,49357,1.900752878569131,0.48796581943530515,1.2817614416673133,0.07726581244,3.716597194,0.8891752914,Euler
0.00125,nan,70,49357,1.9007608909540958,0.50426685142034,1.2954904265198066,0.07416856787,3.440972641,0.9389985039,Euler
0.001,nan,70,49357,1.900748011800444,0.5137197823263936,1.3141298635478502,0.1154049851,3.664717623,0.9473343221,Euler
0.0009,nan,70,49357,1.9007497038796008,0.5217876106561754,1.323033405949321,0.07921960001,3.661484063,0.9629380906,Euler
0.0008,nan,70,49357,1.900747387885205,0.5385300979081217,1.3335302826606834,0.08006853617,3.406627072,1.003497116,Euler
0.0007,nan,70,49357,1.9007568865099047,0.5708064355287028,1.3453470507919483,0.1317812982,3.416401743,1.000216912,Euler
