dt,maxco,nx,ncells,tsr,cp,cd,yplus_min,yplus_max,yplus_mean,ddt_scheme
0.0025,nan,95,61086,1.9006700383047692,0.4562909251820085,1.2984990727500287,0.1742918964,5.174893017,1.223754361,Euler
0.0035,nan,95,61086,1.9006934884964408,0.4541746075240601,1.3033944587989263,0.1917479268,4.867945388,1.275083668,Euler
0.0045,nan,95,61086,1.900643509039265,0.4689993820361855,1.3099802630684725,0.2414635568,4.896243191,1.271287989,Euler
