dt,maxco,nx,ncells,tsr,cp,cd,yplus_min,yplus_max,yplus_mean,ddt_scheme
0.004,nan,70,58765,1.900782597739,0.702129598200128,1.4360011844951273,0.1462253485,7.346897137,1.64692297,Euler
0.0035,nan,70,58765,1.9007244012730977,0.6304491057025636,1.389657710047197,0.1539140551,7.247473256,1.60746562,Euler
0.003,nan,70,58765,1.900767045999868,0.5751369063628525,1.3530235011734284,0.16268837,7.360686633,1.58227429,Euler
0.0025,nan,70,58765,1.9007623269370983,0.529331537038931,1.3437652658760042,0.1483468275,7.275162481,1.568856368,Euler
0.002,nan,70,58765,1.9007468617372927,0.4957023850954938,1.3134045447516896,0.1375683258,6.899190974,1.626297382,Euler
0.0015,nan,70,58765,1.900752878569131,0.47627685554664545,1.2977868708013598,0.1411319529,7.127711428,1.582875664,Euler
0.001,nan,70,58765,1.900748011800444,0.4631411576085981,1.2860029606458876,0.1410343071,7.083117195,1.610792538,Euler
