dt,maxco,nx,ncells,tsr,cp,cd,yplus_min,yplus_max,yplus_mean
0.008,nan,95,61086,nan,nan,nan,71580932.3,1920730076.0,686755956.0
0.004,nan,95,61086,nan,nan,nan,3.312709819,3.56248572,3.56103779
0.002,nan,95,61086,nan,nan,nan,3.312709819,3.56248572,3.56103779
0.001,nan,95,61086,nan,nan,nan,3.312709819,3.56248572,3.56103779
0.0007,nan,95,61086,nan,nan,nan,3.312709819,3.56248572,3.56103779
0.0005,nan,95,61086,nan,nan,nan,3.312709819,3.56248572,3.56103779
