dt,maxco,nx,ncells,tsr,cp,cd,yplus_min,yplus_max,yplus_mean,ddt_scheme
0.006,nan,95,91446,nan,nan,nan,0.138549711,5.068007454,1.250180715,Euler
0.004,nan,95,91446,1.9006415833501844,0.461606658626796,1.294810321835074,0.2090262226,4.872831405,1.246377159,Euler
0.003,nan,95,91446,1.9006555484053598,0.46386935183493433,1.2986881170978464,0.1860663667,5.189853651,1.20282604,Euler
0.0025,nan,95,91446,1.9006700383047692,0.46167149259492885,1.2888213917689546,0.1732156852,5.181123153,1.204653614,Euler
0.002,nan,95,91446,1.9006763545428829,0.46047431586055887,1.2826507078965348,0.1441188135,4.817231108,1.260388356,Euler
0.0015,nan,95,91446,1.900658178993872,0.46347032710273645,1.2792810818059832,0.1441709113,5.176855716,1.203757286,Euler
0.001,nan,95,91446,1.9006849245885156,0.4808486316219426,1.2968073509165787,0.124590664,5.179478559,1.249333138,Euler
0.0007,nan,95,91446,1.900675287071952,0.49906948969811304,1.3257389191126343,0.1398331926,4.809462029,1.366234612,Euler
