dt,maxco,nx,ncells,nlayers,tsr,cp,cd,yplus_min,yplus_max,yplus_mean,ddt_scheme
0.004,nan,70,51293,20,1.898621651848162,0.6679411564218195,1.3576731530124997,2.323435466,2.528453431,2.526949475,Euler
0.003,nan,70,51293,20,1.8987919538314524,0.5670464444590751,1.3183314355275906,2.323435466,2.528453431,2.526949475,Euler
0.0025,nan,70,51293,20,1.89883666304136,0.52823212630617,1.3075453619996578,2.323435466,2.528453431,2.526949475,Euler
0.00225,nan,70,51293,20,1.8987512113251355,0.5151732744560972,1.3100911202581196,2.323435466,2.528453431,2.526949475,Euler
0.002,nan,70,51293,20,1.8987035314168526,0.5065922220523584,1.3036778153512885,2.323435466,2.528453431,2.526949475,Euler
0.00175,nan,70,51293,20,1.8987340983193384,0.5120238423770159,1.3071502784878275,2.323435466,2.528453431,2.526949475,Euler
0.0015,nan,70,51293,20,1.8987308115737453,0.5167274121878348,1.3127320580666468,2.323435466,2.528453431,2.526949475,Euler
0.001,nan,70,51293,20,1.8987919931671449,0.5358629310954639,1.3461187567274142,2.323435466,2.528453431,2.526949475,Euler
0.0008,nan,70,51293,20,1.8987525742583733,0.567073581326772,1.359851979614155,2.323435466,2.528453431,2.526949475,Euler
