dt,maxco,nx,ncells,tsr,cp,cd,yplus_min,yplus_max,yplus_mean,ddt_scheme
0.004,nan,70,49357,1.900782597739,0.8105650112179191,1.4130040904935164,0.1017771594,3.76320007,0.9654739482,Euler
0.003,nan,70,49357,1.900767045999868,0.7376541579489698,1.3370170739620784,0.09485536046,3.774459373,0.9314493984,Euler
0.0025,nan,70,49357,1.9007623269370983,0.6905240000625492,1.3141032855958237,0.08684749476,3.727839809,0.9033048694,Euler
0.002,nan,70,49357,1.9007468617372927,0.6462781676937994,1.3015371379478968,0.07858545616,3.520683744,0.9218639384,Euler
0.0015,nan,70,49357,1.900752878569131,0.6100271648896958,1.2865366759719608,0.08120482687,3.662117927,0.8997784525,Euler
0.001,nan,70,49357,1.900748011800444,0.5852982551838329,1.2746719835727587,0.07204651347,3.631411027,0.8929549941,Euler
0.0009,nan,70,49357,1.9007497038796008,0.5831612026327426,1.2736238875717234,0.07049691266,3.63218749,0.8936468166,Euler
0.0008,nan,70,49357,1.900747387885205,0.582110048575675,1.2733838190505669,0.0627102999,3.445833288,0.9184756877,Euler
0.0007,nan,70,49357,1.9007568865099047,0.5786833322277591,1.2708234125847282,0.08267851242,3.425965071,0.9144850876,Euler
