dt,maxco,nx,ncells,tsr,cp,cd,yplus_min,yplus_max,yplus_mean,ddt_scheme
0.003,nan,95,91446,1.9006555484053598,0.4276464654214657,1.312084215156654,0.2140290277,5.168917128,1.228239563,Euler
0.0025,nan,95,91446,1.9006700383047692,0.4440449584064356,1.316044089509731,0.1912049001,5.17316421,1.216915299,Euler
0.002,nan,95,91446,1.9006763545428829,0.4641067787816667,1.2893003369640983,0.1576926719,4.851412752,1.26898103,Euler
0.0015,nan,95,91446,1.900658178993872,0.4680902006510393,1.2864487976171348,0.1336136446,5.183542154,1.188283232,Euler
0.001,nan,95,91446,1.9006849245885156,0.4820605870695917,1.2925123648636365,0.07218926416,5.183279065,1.228693728,Euler
0.0007,nan,95,91446,1.900675287071952,0.4913850946599543,1.3140913752073473,0.0824210081,4.824244865,1.347639858,Euler
0.0005,nan,95,91446,1.900689317349603,0.5373214635832427,1.3382162636968349,0.06023292836,4.858542363,1.396313034,Euler
0.0002,nan,95,91446,1.9006849105346852,0.7419444778685366,1.3560689137179924,0.0748496449,5.29229961,1.392698358,Euler
