dt,maxco,nx,ncells,nlayers,tsr,cp,cd,yplus_min,yplus_max,yplus_mean,ddt_scheme
0.004,nan,70,51293,20,1.900782597739,0.6614586300982311,1.3464530983936513,0.05647541978,2.530647805,0.628448989,Euler
0.003,nan,70,51293,20,1.900767045999868,0.5598012135057623,1.3072846531925764,0.06784632236,2.530093288,0.6156497709,Euler
0.0025,nan,70,51293,20,1.9007623269370983,0.5256016881665843,1.3007729039983063,0.07099769147,2.496717501,0.6217440502,Euler
0.002,nan,70,51293,20,1.9007468617372927,0.50510736204499,1.2932431888172902,0.06081295836,2.404108394,0.6401535503,Euler
0.0018,nan,70,51293,20,1.9007658653192878,0.5083716237772052,1.2914468793177196,0.04220681467,2.390415622,0.6453562563,Euler
0.0015,nan,70,51293,20,1.900752878569131,0.5178752429080175,1.3007769172304176,0.05786378563,2.431540786,0.6523513118,Euler
0.001,nan,70,51293,20,1.900748011800444,0.5425516243136314,1.335833269839446,0.06003276659,2.390308993,0.6729715905,Euler
0.0009,nan,70,51293,20,1.9007497038796008,0.5537163244241785,1.3471540237118211,0.06301269236,2.395166566,0.6842815062,Euler
0.0008,nan,70,51293,20,1.900747387885205,0.5775608240042713,1.3535003661349838,0.05581105577,2.335942307,0.700443164,Euler
