dt,maxco,nx,ncells,nlayers,tsr,cp,cd,yplus_min,yplus_max,yplus_mean,ddt_scheme
0.004,nan,70,51699,20,1.898621651848162,0.668368697306477,1.3569697736551023,2.349817562,2.52845114,2.527016766,Euler
0.003,nan,70,51699,20,1.8987919538314524,0.5647046595683001,1.3143585261025421,2.349817562,2.52845114,2.527016766,Euler
0.0025,nan,70,51699,20,1.89883666304136,0.5289062620583586,1.313333787419098,2.349817562,2.52845114,2.527016766,Euler
0.00225,nan,70,51699,20,1.8987512113251355,0.5153592523846799,1.3060338175569035,2.349817562,2.52845114,2.527016766,Euler
0.002,nan,70,51699,20,1.8987035314168526,0.5092653379409412,1.3035309781263065,2.349817562,2.52845114,2.527016766,Euler
0.00175,nan,70,51699,20,1.8987340983193384,0.5101692123333936,1.3055481860552314,2.349817562,2.52845114,2.527016766,Euler
0.0015,nan,70,51699,20,1.8987308115737453,0.5109746803142177,1.3089559787236753,2.349817562,2.52845114,2.527016766,Euler
0.001,nan,70,51699,20,1.8987919931671449,0.5311854807893835,1.3345064580859096,2.349817562,2.52845114,2.527016766,Euler
0.0008,nan,70,51699,20,1.8987525742583733,0.5663198513420997,1.3554642123811032,2.349817562,2.52845114,2.527016766,Euler
