dt,maxco,nx,ncells,nlayers,tsr,cp,cd,yplus_min,yplus_max,yplus_mean,ddt_scheme
0.002,nan,70,51293,20,3.248059659991644,0.6128421395798795,1.7314432901566297,0.1121937639,2.646516651,1.064363173,Euler
0.002,nan,70,51293,20,2.749526333124513,0.6973908258487712,1.6022423931344085,0.09224525152,2.617761299,0.905301575,Euler
0.002,nan,70,51293,20,2.2506925043642605,0.6760119649107504,1.451148071120393,0.06400060307,2.413227036,0.7209110031,Euler
0.002,nan,70,51293,20,1.7498498662851711,0.37882393044771384,1.1886589241417986,0.05128713875,1.757775657,0.6444498046,Euler
0.002,nan,70,51293,20,1.2440832242286903,0.14692798125131004,0.9399305186573473,0.01779268377,1.333960784,0.4558397841,Euler
0.002,nan,70,51293,20,0.712422656044263,0.030455316971926102,0.6429134339438592,0.0126700698,1.553938828,0.3528844762,Euler
0.002,nan,70,51293,20,nan,nan,nan,0.01188412376,1.37743515,0.3516310091,Euler
