dt,maxco,nx,ncells,tsr,cp,cd,yplus_min,yplus_max,yplus_mean,ddt_scheme
nan,20.0,95,91446,3.511549077792594,0.5322662876274221,1.7952962980472584,0.1698922759,5.169840621,2.063421209,Euler
nan,20.0,95,91446,3.0112959970924176,0.6577605661709196,1.6861909841341691,0.1659928967,4.360558625,1.775052608,Euler
nan,20.0,95,91446,2.5097092519324704,0.7040958014875127,1.5389065332596898,0.1447544502,3.894509617,1.50701033,Euler
nan,20.0,95,91446,2.0155424494083087,0.5730096786219723,1.3822732868680982,0.1366042837,4.356572934,1.209092992,Euler
nan,20.0,95,91446,1.5062619090537561,0.27022130443772374,0.9922927049945374,0.0811980027,4.930083783,1.10604358,Euler
nan,20.0,95,91446,1.0168209673066715,0.015768778562570248,0.9242658094483598,0.07019743425,3.191749849,1.079108597,Euler
